CustomerID,InvoiceID,OrderDate,Amount
1051,6401,17/03/2023,1462.83
1092,6211,15/02/2023,797.05
1014,5857,09/06/2023,1634.5
1071,5229,21/03/2023,4262.72
1060,6856,06/11/2023,536.05
1020,6875,27/03/2023,4959.31
1082,5118,02/04/2023,2750.91
1086,6179,28/05/2023,4925.74
1074,5783,10/06/2023,4701.08
1074,6710,21/07/2023,2318.79
1087,5464,30/08/2023,1072.61
1099,5103,19/12/2023,907.94
1023,6627,02/01/2023,1275.95
1002,5697,13/08/2023,3579.65
1021,6995,16/10/2023,1437.45
1052,6818,21/08/2023,1772.98
1001,6525,18/03/2023,2299.02
1087,6716,26/04/2023,4574.84
1029,6705,03/06/2023,1028.03
1037,6722,13/04/2023,124.63
1001,5174,13/07/2023,394.47
1063,6757,15/06/2023,4533.36
1059,5744,25/12/2023,3272.83
1020,6697,31/03/2023,1437.9
1032,6444,23/06/2023,968.24
1075,6157,02/05/2023,1541.91
1057,6414,23/05/2023,662.5
1021,6759,16/04/2023,4713.51
1088,6524,01/11/2023,3942.61
1048,5664,26/12/2023,2365.72
1090,5032,13/11/2023,4338.32
1058,5054,03/05/2023,1322.35
1041,6977,09/01/2023,3613.89
1091,5518,19/09/2023,4295.05
1059,5755,14/03/2023,1848.17
1079,6848,25/12/2023,3811.58
1014,6661,11/08/2023,1545.85
1061,5011,10/02/2023,1564.4
1061,6551,23/07/2023,624.58
1046,5719,21/09/2023,2256.28
1061,5554,24/11/2023,3675.59
1050,5372,27/06/2023,4707.08
1054,5483,14/12/2023,3058.61
1063,5972,14/11/2023,4329.36
1002,6670,25/03/2023,4130.22
1050,6251,14/11/2023,949.38
1006,5622,21/04/2023,2480.51
1020,5306,08/09/2023,672.93
1072,5456,07/01/2023,3442.55
1038,5159,25/03/2023,4754.51
1017,5330,27/07/2023,771.74
1003,5775,10/11/2023,3696.03
1088,5224,22/01/2023,3197.97
1059,5982,03/01/2023,2959.66
1013,5728,07/05/2023,2011.59
1008,6527,24/10/2023,1840.15
1089,6479,07/07/2023,321.72
1052,6068,28/12/2023,1167.75
1001,6237,14/01/2023,174.37
1083,6082,12/01/2023,2948.94
1091,5643,28/03/2023,618.68
1059,5615,12/01/2023,4377.8
1070,5194,25/01/2023,2663.4
1043,6948,28/10/2023,3528.48
1007,5488,31/08/2023,2113.2
1046,5156,02/05/2023,2846.84
1034,5609,27/05/2023,4719.03
1077,6249,24/02/2023,505.4
1080,5411,26/08/2023,1344.3
1035,6228,22/12/2023,3921.94
1049,6102,22/06/2023,583.81
1003,6147,09/08/2023,470.74
1001,5470,29/04/2023,1871.55
1005,6963,05/11/2023,551.62
1053,6241,02/07/2023,2966.88
1003,5515,15/10/2023,1208.75
1053,6625,03/11/2023,4488.92
1092,6127,27/10/2023,3939.15
1062,5392,23/03/2023,3528.56
1017,5630,30/07/2023,3123.03
1089,6668,30/05/2023,4330.98
1043,6847,06/02/2023,1193
1033,5607,18/12/2023,4378.23
1073,5979,08/11/2023,3968.51
1061,5433,27/12/2023,3765.99
1099,6354,28/02/2023,2850.15
1013,6166,11/05/2023,1306.6
1094,6823,21/07/2023,2175.38
1047,5539,31/08/2023,3988.5
1014,5277,04/02/2023,255.71
1071,5232,03/04/2023,3932.05
1077,6552,26/07/2023,1276.35
1086,6594,19/12/2023,807.12
1061,6113,28/11/2023,666.94
1039,6515,01/11/2023,233.53
1084,6222,16/12/2023,2665.57
1079,5361,01/08/2023,1169.47
1081,6464,08/06/2023,4948.22
1052,5025,24/01/2023,2914.74
1023,6048,20/10/2023,775.64
1025,6417,04/01/2023,3474.94
1088,5506,08/08/2023,4498.94
1059,6324,30/12/2023,3751.38
1040,6362,20/01/2023,474.56
1028,5266,01/06/2023,4489.83
1014,5460,19/02/2023,3990.25
1044,6716,26/06/2023,875.69
1064,5455,06/04/2023,353.75
1088,6383,15/04/2023,2830.82
1070,6091,07/09/2023,864.58
1008,6006,27/04/2023,4189.5
1087,5862,20/12/2023,1855.84
1000,6435,16/08/2023,4573.17
1007,6994,07/03/2023,2871.87
1087,5490,01/12/2023,995.09
1062,6856,19/09/2023,784.03
1010,6072,22/10/2023,2924.71
1080,6710,31/08/2023,3833.23
1007,5563,05/07/2023,3929.38
1034,6125,03/09/2023,1451.21
1034,5215,05/05/2023,1100.81
1032,6461,25/09/2023,182.11
1004,6723,11/05/2023,3428.08
1040,6592,25/08/2023,475.18
1027,5558,18/01/2023,2161.73
1006,5158,09/02/2023,3048.24
1072,5488,21/01/2023,4691.83
1071,5685,13/08/2023,1627.83
1011,6265,21/12/2023,1323.88
1033,5793,09/10/2023,3305.38
1032,6776,08/01/2023,3134.27
1047,6905,10/04/2023,1727.34
1022,5004,28/08/2023,4647.7
1061,6619,28/03/2023,4239.83
1087,6843,25/10/2023,1197.51
1036,5360,14/01/2023,1271.8
1098,5458,30/11/2023,2610.27
1043,5247,02/01/2023,3890.5
1085,6589,20/10/2023,315.8
1090,6696,21/11/2023,3497.34
1034,5945,10/02/2023,3276.36
1064,5421,14/11/2023,1234.25
1098,6946,12/11/2023,3438.63
1046,6761,21/04/2023,4706.9
1077,5014,14/01/2023,329.25
1002,5735,19/08/2023,1666.3
1000,6596,25/03/2023,2247.07
1004,6145,10/05/2023,4506.38
1089,5276,19/08/2023,4815.08
1013,6581,22/11/2023,2276.16
1026,5452,25/05/2023,3775.14
1008,6413,11/12/2023,2705.14
1078,6317,28/01/2023,2735.14
1014,6597,07/03/2023,1462.69
1089,5597,12/06/2023,1163.09
1041,5445,17/08/2023,1511.23
1076,5209,18/09/2023,2826.01
1050,6613,13/06/2023,242.86
1062,5713,28/10/2023,4545.52
1095,5301,30/10/2023,865.79
1051,6932,14/10/2023,1178.43
1095,6246,10/01/2023,2639.55
1003,6757,14/07/2023,3579.56
1093,5002,28/04/2023,569.07
1022,5989,27/09/2023,1656.7
1014,6541,21/03/2023,4846.51
1042,6116,03/04/2023,1385.48
1028,5519,23/09/2023,1633.95
1035,6451,28/11/2023,4198.84
1012,5492,16/12/2023,346.05
1031,6258,27/12/2023,2376.6
1070,5619,14/09/2023,1960.12
1058,6184,13/05/2023,1651.28
1085,6744,03/10/2023,1499.93
1027,6775,21/09/2023,547.73
1065,5330,20/06/2023,1642.65
1041,5332,01/01/2023,310.96
1044,5049,09/11/2023,3926.72
1061,6546,05/03/2023,2051.32
1056,5862,11/10/2023,2275.13
1005,6691,01/05/2023,4478.61
1027,6515,17/04/2023,3324.47
1027,6605,24/06/2023,139.49
1043,6704,23/07/2023,4721.56
1083,5271,14/06/2023,1262.01
1029,5579,01/11/2023,627.31
1061,6890,30/04/2023,3863.83
1074,6275,13/02/2023,2552.34
1091,5559,08/11/2023,2225.48
1088,5695,05/06/2023,1322.57
1061,6855,26/07/2023,2782.61
1096,6722,18/04/2023,1444.48
1000,6113,08/09/2023,4517.76
1026,5445,30/11/2023,1154.5
1061,6016,10/05/2023,4433.34
1076,6355,20/10/2023,2841.09
1002,6162,20/01/2023,4159.59
1069,5356,09/10/2023,3592.95
1071,6624,12/10/2023,3513.81
1026,5273,01/01/2023,1689.29
1008,6042,29/04/2023,1246.09
1061,5310,04/02/2023,1133.34
1036,5869,17/07/2023,4300.24
1096,5885,02/09/2023,4120.09
1050,5153,28/02/2023,2258.81
1043,6413,21/11/2023,748.78
1023,6283,10/06/2023,1973.04
1078,5619,28/06/2023,3134.78
1058,5882,25/07/2023,2326.58
1031,5796,12/01/2023,3922.93
1095,6594,03/10/2023,4988.35
1087,5124,30/06/2023,1036.55
1051,6377,30/08/2023,2352.29
1061,6296,04/08/2023,2211.82
1057,5618,08/09/2023,1592.01
1051,6834,26/10/2023,1070.67
1011,5244,06/05/2023,421.89
1038,5847,05/08/2023,4446.88
1001,5449,02/11/2023,2157.26
1002,5929,12/10/2023,2534.79
1055,6270,04/07/2023,4593.02
1080,5519,08/02/2023,3903.82
1058,6164,11/08/2023,739.46
1001,5361,03/07/2023,2870.56
1001,5007,27/06/2023,2267.04
1091,5477,21/10/2023,4006.33
1053,6375,06/12/2023,3648.74
1086,5494,31/05/2023,3482.99
1095,6629,06/05/2023,1768.67
1096,5832,28/10/2023,4044.32
1000,6450,04/11/2023,356.72
1018,6062,02/12/2023,882.16
1001,5592,22/08/2023,1744.55
1052,5186,08/01/2023,476.36
1043,6619,07/12/2023,1251.47
1089,6623,09/05/2023,4167.74
1031,5753,21/09/2023,4746.43
1069,6877,06/06/2023,1592.55
1031,5092,18/12/2023,1396.13
1067,5085,24/12/2023,1471.47
1054,6067,05/01/2023,1460.82
1074,5136,27/03/2023,276.06
1055,5420,24/06/2023,4641.89
1016,5073,17/10/2023,1147.12
1037,6571,12/07/2023,2158.02
1023,6636,07/11/2023,147.47
1068,6535,29/04/2023,4303.98
1097,6179,06/08/2023,3682.67
1069,6961,24/04/2023,4739.1
1085,6278,25/05/2023,3929.92
1010,5170,26/01/2023,1637.16
1015,6751,16/05/2023,1314.58
1096,5169,30/10/2023,3518.81
1072,6787,20/08/2023,1884.15
1058,5871,17/03/2023,2874.45
1069,5321,24/11/2023,130.66
1079,6590,11/12/2023,403.24
1092,5455,29/10/2023,2723.3
1002,5943,16/10/2023,2873.75
1019,6626,01/01/2023,3782.12
1058,5789,27/05/2023,746.63
1035,5612,14/10/2023,2614.6
1018,6178,22/05/2023,1052.79
1089,5888,22/02/2023,556.66
1066,5348,31/10/2023,2111.43
1018,6474,10/03/2023,900.35
1019,6899,27/12/2023,1186.73
1095,6676,31/03/2023,1656.02
1070,6196,08/08/2023,1371
1051,5009,11/07/2023,529.2
1032,5739,04/03/2023,540.59
1039,6288,14/03/2023,1046.92
1038,6461,10/06/2023,347.74
1081,6783,18/06/2023,3169.64
1000,6270,30/03/2023,1507.9
1010,5666,25/06/2023,1470.76
1091,5545,26/09/2023,1726.79
1056,6522,14/03/2023,3347.7
1088,5128,02/09/2023,4366.11
1049,6695,18/03/2023,3819.53
1022,5600,08/06/2023,3664.89
1030,5604,20/11/2023,2473.52
1093,5326,08/04/2023,3499.65
1041,6776,12/04/2023,2808.54
1098,6858,12/05/2023,1159.63
1006,5979,12/04/2023,1122.08
1015,5403,19/01/2023,1552.32
1089,5628,23/03/2023,4562.93
1059,6629,06/10/2023,2782.33
1001,6698,05/12/2023,3696.14
1000,6634,31/12/2023,1798.14
1047,6648,27/11/2023,2097.81
1011,6382,09/05/2023,715.27
1068,6626,10/12/2023,939.35
1036,6881,06/11/2023,4154.05
1031,5717,30/03/2023,2965.71
1008,6040,01/08/2023,1753.91
1098,5273,23/05/2023,4033.97
1018,5684,06/03/2023,1307.95
1047,5115,17/03/2023,4882.56
1079,5860,18/07/2023,1789.61
1002,5692,23/05/2023,1752.82
1019,6114,12/11/2023,1628.37
1023,6105,03/04/2023,698.35
1053,5323,01/11/2023,644.57
1032,5960,12/08/2023,3275.71
1023,5113,18/10/2023,4388.08
1074,6792,12/04/2023,3973.55
1071,6081,24/09/2023,791.43
1035,5153,21/12/2023,2773.35
1037,6900,20/04/2023,617.4
1083,6427,26/11/2023,321.94
1098,6651,22/09/2023,3316.29
1088,6878,03/01/2023,2722.25
1098,6289,26/03/2023,501.92
1024,5314,09/10/2023,271.2
1092,6738,24/11/2023,4949.81
1017,6064,31/10/2023,247.1
1081,5104,27/04/2023,2278.19
1065,6924,09/08/2023,2572.63
1053,6913,03/06/2023,674.67
1034,6216,02/06/2023,928.4
1079,6424,12/01/2023,1823.84
1060,6301,13/05/2023,3832.21
1040,5353,31/10/2023,2584.7
1099,6015,20/10/2023,3225.72
1032,6772,27/10/2023,4927.36
1067,6960,16/08/2023,3863.23
1032,5732,28/09/2023,2228.37
1013,6603,12/02/2023,2287.57
1020,5708,09/12/2023,3131.98
1047,6279,22/11/2023,3360.29
1019,5650,29/10/2023,2553.48
1007,5823,30/12/2023,3259.82
1006,5946,21/01/2023,215.31
1066,5660,17/04/2023,2205.15
1016,5098,02/12/2023,1466.8
1032,5587,30/10/2023,732.95
1047,5281,27/04/2023,587.78
1075,6906,04/05/2023,3055.64
1058,5402,08/10/2023,2665.64
1085,6132,19/10/2023,1342.56
1021,5699,22/07/2023,2407.66
1029,5198,20/02/2023,2511.94
1037,6326,28/09/2023,1055.54
1050,5326,20/11/2023,3295.26
1053,5153,04/10/2023,3926.5
1007,5551,21/05/2023,3978.17
1026,6668,02/10/2023,3052.1
1026,5404,17/10/2023,2607.03
1097,5461,30/11/2023,398.94
1020,5131,21/02/2023,1510.37
1029,5790,27/01/2023,557.03
1096,5873,06/06/2023,4822.73
1027,5083,27/08/2023,761.89
1063,6422,05/06/2023,843.7
1096,5753,18/10/2023,4458.93
1068,5627,16/05/2023,4725.25
1060,6132,24/05/2023,3852.56
1047,5220,16/04/2023,126.48
1018,6927,07/06/2023,106.6
1003,5552,26/05/2023,1952.69
1034,6391,02/01/2023,802.64
1063,6170,18/03/2023,190.09
1048,5111,12/05/2023,2373.93
1016,5614,31/03/2023,4721
1043,6581,11/12/2023,1686.72
1091,5923,16/12/2023,3339.59
1029,6517,20/09/2023,3295.95
1092,6528,17/12/2023,1330.29
1045,5474,18/04/2023,3287.08
1005,5835,15/03/2023,1140.44
1098,6913,08/02/2023,697.84
1036,5270,08/06/2023,3536.78
1023,5420,12/03/2023,655.86
1092,6920,08/11/2023,4984.86
1045,5706,29/08/2023,998.92
1052,6390,25/10/2023,3011.3
1094,6303,05/02/2023,2115.74
1098,6306,25/03/2023,719.29
1059,5039,20/09/2023,236.44
1096,6982,06/11/2023,3151.39
1062,5188,21/06/2023,4053.11
1084,6187,22/06/2023,4225.88
1031,5993,28/12/2023,2465.3
1086,6559,16/02/2023,3909.53
1032,5535,21/05/2023,3396.95
1066,6027,28/04/2023,3648.85
1017,6858,04/10/2023,2513.74
1024,5289,02/08/2023,3203.72
1094,6976,08/08/2023,4047.08
1053,5432,26/01/2023,2049.63
1057,5470,09/01/2023,4049.3
1066,6204,28/09/2023,3000.88
1045,6271,10/01/2023,912.92
1023,5627,01/05/2023,220.95
1031,5278,05/05/2023,1877.49
1046,5876,19/06/2023,2778.81
1085,5580,13/03/2023,4215.12
1022,5862,01/06/2023,724.68
1065,5253,27/07/2023,4021.01
1026,5180,18/02/2023,4328.74
1001,6853,03/06/2023,838.37
1089,5680,13/12/2023,4272.81
1016,5824,20/10/2023,4958.12
1032,6532,09/03/2023,3661.51
1008,6784,19/02/2023,3945.37
1042,5699,01/06/2023,4972.63
1047,5565,19/01/2023,3066.86
1038,6349,10/04/2023,1608.64
1092,6380,01/03/2023,4203.9
1041,6848,16/06/2023,3110.98
1025,6673,21/07/2023,2947.86
1098,5679,11/12/2023,1342.81
1049,5390,26/05/2023,3806.04
1024,6638,13/06/2023,500.17
1023,6957,30/08/2023,4629.01
1012,6108,10/03/2023,1696.53
1059,6340,24/06/2023,726.1
1006,5211,18/02/2023,2267.6
1056,6538,18/04/2023,308.1
1035,5383,14/08/2023,3454.67
1044,6714,10/06/2023,4523.26
1019,5341,29/04/2023,4202.59
1064,6838,29/05/2023,724.11
1007,6987,30/05/2023,718.73
1015,5843,20/10/2023,4085.83
1013,6061,23/05/2023,4628.85
1075,6534,09/06/2023,2357.28
1086,5419,11/01/2023,2544.96
1014,5750,18/05/2023,1659.48
1091,6192,19/03/2023,4481.9
1097,6988,18/03/2023,3260.02
1065,6932,11/09/2023,1512.43
1031,6366,15/09/2023,1564.04
1086,6849,16/11/2023,4466.88
1062,5305,18/10/2023,166.81
1085,6565,20/09/2023,1681.36
1050,5701,26/03/2023,2816.35
1024,5868,26/05/2023,826.27
1057,5536,19/11/2023,551.28
1062,6135,11/02/2023,4094.85
1061,6434,05/05/2023,4482.58
1021,6970,16/06/2023,4135.67
1057,5205,29/08/2023,4504.06
1057,6208,07/10/2023,2810.25
1085,6405,07/07/2023,4080.06
1048,5495,29/10/2023,1981.81
1051,6402,19/01/2023,3364.71
1041,6070,09/03/2023,4945.29
1069,6909,06/08/2023,1206.07
1014,6763,12/04/2023,2010.51
1053,6574,11/02/2023,2452.23
1059,6551,15/10/2023,776.28
1096,5503,16/06/2023,497.09
1007,6045,19/04/2023,4165.64
1052,5212,05/02/2023,4886.29
1059,5309,20/08/2023,2083.15
1004,5660,17/08/2023,529.48
1067,6991,19/12/2023,422.48
1005,5752,13/06/2023,4467.46
1095,5271,14/03/2023,2372.69
1093,6594,16/05/2023,1668.13
1046,6822,19/12/2023,2434.66
1098,5937,11/03/2023,1659.69
1054,6225,15/07/2023,2496.28
1039,5031,26/09/2023,4311.83
1051,5442,18/02/2023,3002.28
1015,5161,12/11/2023,3503.8
1012,5766,10/05/2023,1886.89
1029,5253,05/01/2023,3718.68
1018,5520,27/01/2023,3366.42
1016,5976,09/06/2023,685.85
1062,6674,29/05/2023,2905.95
1018,6503,21/09/2023,1358.04
1091,5009,18/08/2023,4040.07
1057,5725,19/07/2023,2187.09
1054,5504,19/02/2023,4973.95
1089,5784,08/03/2023,553.25
1089,6859,27/10/2023,3923.7
1061,6583,27/02/2023,3401.14
1022,5435,16/09/2023,3860.74
1008,6134,08/12/2023,1606.9
1011,5152,22/11/2023,2511.07
1000,6658,10/05/2023,4002.89
1057,5916,03/08/2023,1239.45
1000,5868,21/06/2023,1207.56
1033,6125,15/09/2023,2800.15
1095,5752,12/04/2023,2665.46
1047,6856,28/07/2023,1483.09
1088,6214,18/10/2023,1560.57
1000,6752,20/12/2023,1461.44
1015,5562,13/10/2023,3880.41
1060,6827,26/04/2023,3294.31
1063,6104,21/09/2023,4178.84
1062,5488,30/05/2023,4879.82
1068,5894,27/10/2023,2423.41
1021,6111,05/02/2023,426.8
1092,6217,29/11/2023,335.65
1066,5103,14/10/2023,1548.76
1075,6806,30/10/2023,4669.47
1025,6119,07/11/2023,2663.74
1015,6446,27/07/2023,1431.75
1050,6914,16/04/2023,2055.92
1085,6221,07/06/2023,3033.12
1056,6024,01/05/2023,3299.45
1028,6006,24/02/2023,854.21
1077,5406,12/01/2023,4887.46
1091,6401,25/05/2023,2769.38
1068,5166,16/05/2023,764.87
1046,5508,03/01/2023,4478.81
1093,6661,24/05/2023,465.73
1061,5312,30/01/2023,4547.9
1068,6616,25/08/2023,4983.17
1075,6441,06/10/2023,3532.12
1015,5762,14/12/2023,3875.19
1089,5680,25/04/2023,1752.78
1089,5476,14/04/2023,4713.73
1047,5072,28/04/2023,2695.6
1084,6164,05/01/2023,3688.7
1038,5581,26/12/2023,4628.13
1099,5261,05/09/2023,4878.38
1032,6363,30/12/2023,4182.7
1093,6331,17/11/2023,1584.79
1022,5244,01/05/2023,4836.08
1009,6538,13/10/2023,3177.79
1068,6360,29/05/2023,4660.15
1099,6598,25/03/2023,3412.91
1033,5560,19/08/2023,1605.47
1051,6099,15/10/2023,1913.12
1094,6903,10/06/2023,2797.31
1009,5174,29/09/2023,3971.07
1018,5108,07/02/2023,1658.11
1057,5182,14/08/2023,2940.68
1095,5191,22/05/2023,1793.56
1000,5064,19/10/2023,4097.27
1068,6872,31/05/2023,2386.97
1003,5962,24/04/2023,475.94
1015,6497,25/08/2023,913.66
1023,6806,07/03/2023,399.41
1079,6123,27/12/2023,2546.58
1001,6567,07/12/2023,621.05
1091,5863,15/09/2023,659.29
1031,6151,06/09/2023,4711.14
1090,6475,27/11/2023,4376.01
1083,6937,19/11/2023,2315.22
1023,5368,29/06/2023,4930.45
1011,5850,09/07/2023,100.91
1049,5042,03/06/2023,3108.5
1034,6907,15/07/2023,3120.5
1032,6442,07/11/2023,2341.47
1032,5487,19/09/2023,2045.05
1060,5077,23/05/2023,2331.38
1050,5825,08/12/2023,2133.31
1042,6824,12/11/2023,3679.41
1011,6293,11/04/2023,763.24
1066,5673,01/09/2023,1068.43
1064,5700,12/01/2023,984.54
1032,5758,27/08/2023,1386.11
1039,6923,18/02/2023,2673.77
1073,5727,11/02/2023,644.92
1042,6338,15/06/2023,4354.03
1043,5924,23/03/2023,1557.07
1028,6874,18/10/2023,896.44
1012,5901,07/06/2023,3410.54
1011,5888,04/08/2023,286.62
1094,5992,07/06/2023,3137.85
1045,6968,14/05/2023,3521.17
1001,6191,08/03/2023,1153.09
1034,5338,02/12/2023,305.62
1086,5192,07/01/2023,1881.86
1080,6476,14/01/2023,583.11
1089,5282,14/03/2023,670.74
1007,6359,12/06/2023,1345.88
1092,5389,07/03/2023,1547.79
1025,5999,13/12/2023,2696.85
1073,5524,10/05/2023,3424.12
1089,6263,25/07/2023,3004.58
1033,6855,03/10/2023,826.97
1006,6981,13/09/2023,943.22
1067,6506,23/09/2023,4405.97
1057,5658,25/01/2023,2835.93
1074,5715,08/10/2023,4362.7
1028,6615,10/09/2023,1920.58
1035,5890,06/11/2023,3110.56
1088,6578,16/10/2023,2665.95
1020,6481,13/06/2023,1663.71
1035,6112,05/04/2023,2402.59
1009,6683,27/09/2023,2562.21
1072,6118,17/11/2023,1083.78
1023,5451,20/04/2023,1643.55
1063,5427,02/12/2023,3977.91
1098,6174,06/11/2023,4587.36
1048,6537,26/08/2023,1862.99
1098,6399,25/01/2023,1604.16
1035,6045,21/05/2023,1056.47
1081,5882,27/04/2023,3424.61
1095,5312,25/01/2023,1683.19
1023,5839,20/03/2023,4939.97
1022,5518,09/03/2023,1695.86
1061,6229,22/06/2023,2031.27
1095,6975,12/01/2023,3056.34
1036,5374,15/10/2023,4028.25
1011,5450,08/05/2023,2400.64
1054,6649,06/04/2023,2171.01
1012,6807,02/04/2023,4978.63
1022,6014,21/05/2023,151.42
1088,5594,31/01/2023,4485.82
1098,6202,30/11/2023,830.79
1029,6233,20/01/2023,3951.03
1016,5499,26/05/2023,3127.86
1061,5463,12/11/2023,1775.05
1083,6863,09/06/2023,4381.99
1088,6147,15/12/2023,163.25
1085,5112,12/02/2023,1210.78
1012,6035,11/09/2023,2877.77
1058,6149,10/05/2023,1822.56
1018,6588,01/03/2023,3090.85
1048,5330,31/05/2023,218.14
1099,6924,14/10/2023,670.65
1011,6306,05/01/2023,722.77
1060,5139,23/09/2023,1027.49
1018,6424,11/12/2023,2350.72
1075,5901,10/05/2023,3785.43
1008,6120,24/09/2023,4537.14
1070,5516,27/06/2023,4193.33
1027,5568,10/09/2023,1064.75
1077,6947,25/02/2023,2261.64
1094,5845,24/03/2023,1077.12
1051,6092,09/04/2023,1395.91
1082,5117,29/05/2023,2567.38
1015,5887,25/11/2023,433.73
1068,6082,05/06/2023,1169.05
1098,6056,09/07/2023,4683.35
1011,6341,20/09/2023,2383.97
1024,5049,21/03/2023,2282.39
1051,6903,09/09/2023,171.38
1084,6512,07/04/2023,1312.26
1099,5018,17/09/2023,4344.83
1052,5725,17/09/2023,906.68
1022,5196,13/04/2023,2134.11
1015,6914,09/02/2023,170.22
1056,6473,30/09/2023,2443.84
1038,5558,11/04/2023,203
1052,6702,25/12/2023,4116.09
1041,5451,04/11/2023,4141.78
1057,5288,09/08/2023,3959.94
1038,6164,04/11/2023,1488.48
1013,6107,04/05/2023,4202.46
1094,6717,19/08/2023,2760.69
1004,5390,27/06/2023,1931.66
1034,6614,04/03/2023,3164.12
1086,5214,26/04/2023,160.47
1092,6549,10/07/2023,800.51
1074,5214,03/03/2023,3737.24
1017,6426,13/09/2023,1296.39
1075,5127,07/01/2023,3030.24
1008,6845,04/06/2023,1987
1073,6500,02/04/2023,4288.55
1057,5759,14/01/2023,4766.83
1016,5403,17/08/2023,4429.47
1006,6052,27/03/2023,1426.04
1045,6815,13/05/2023,1051.4
1012,5337,02/07/2023,2424.73
1039,5830,03/03/2023,135.94
1041,5713,07/08/2023,226.47
1008,5360,03/09/2023,2811.12
1049,5568,18/08/2023,2650.2
1026,6415,20/03/2023,4973.45
1065,5217,29/05/2023,1089.02
1004,6597,18/05/2023,1364.71
1028,6692,10/11/2023,656.35
1036,5201,06/03/2023,4595.96
1037,5016,13/01/2023,3911.28
1082,5321,01/08/2023,4129.46
1007,5517,30/08/2023,4523.54
1064,6593,01/08/2023,2672.01
1085,6348,30/06/2023,2310.85
1016,6435,04/12/2023,1718.92
1070,6341,22/06/2023,2987.15
1088,5680,09/06/2023,2325.96
1044,6988,13/06/2023,2312.67
1003,6105,07/07/2023,4690.95
1035,6497,10/07/2023,4921.75
1069,6491,04/11/2023,4002.77
1030,5424,13/09/2023,3808.11
1018,6968,02/07/2023,3434.73
1060,6754,27/04/2023,913.77
1053,6712,09/10/2023,389.62
1038,6227,15/07/2023,3484.56
1090,6606,03/02/2023,3671.05
1073,6018,21/02/2023,330.17
1089,5386,22/04/2023,4647.45
1018,5777,09/09/2023,546.59
1038,5097,23/03/2023,1500.91
1066,6368,20/08/2023,3394.71
1044,6826,15/08/2023,932.38
1012,5207,21/08/2023,371.54
1091,6537,09/08/2023,1722.62
1057,6659,11/02/2023,3853.26
1019,6815,21/01/2023,2127.03
1091,5585,11/02/2023,3299.57
1071,5165,23/04/2023,2940.13
1060,5021,15/04/2023,208.87
1038,5153,11/07/2023,4943.85
1000,6962,17/01/2023,303
1002,6462,30/04/2023,4842.23
1076,6318,09/05/2023,2794.33
1091,5218,10/05/2023,4819.48
1061,5668,01/03/2023,662.29
1062,6518,17/02/2023,2503
1024,5229,29/01/2023,930.57
1055,5019,07/04/2023,349.78
1032,5552,10/01/2023,3125.89
1037,5949,30/08/2023,1118.14
1005,5147,10/11/2023,2979.72
1057,6131,20/08/2023,650.59
1043,5402,04/10/2023,1726.73
1044,5595,11/10/2023,3930
1031,6506,22/07/2023,2241.55
1044,5366,04/09/2023,3175.95
1060,6857,17/10/2023,3272.54
1046,6437,21/09/2023,4234.4
1020,6332,02/08/2023,1692.12
1079,5801,19/07/2023,3467.75
1084,5917,20/03/2023,4811.92
1074,6858,09/12/2023,3678.19
1035,6157,10/12/2023,2500.37
1098,6742,22/06/2023,3190.52
1018,6306,10/03/2023,3724.45
1019,6801,28/03/2023,3100.15
1056,5072,11/04/2023,181.71
1017,5480,08/01/2023,1054.39
1046,6375,29/11/2023,4071.29
1048,5559,19/07/2023,1435.99
1013,6349,28/03/2023,3684.65
1014,5744,12/02/2023,1923.39
1030,6466,19/04/2023,2657.23
1000,5099,01/06/2023,433.07
1053,6082,17/01/2023,988.01
1002,5507,13/05/2023,4790.27
1015,5257,28/05/2023,4461.68
1086,5412,04/10/2023,3296.15
1056,6475,20/08/2023,2352.26
1074,6088,10/11/2023,3411.23
1011,5594,16/08/2023,3131.19
1073,6177,19/05/2023,2885.91
1095,5265,30/07/2023,389.97
1015,5820,28/01/2023,3200.73
1071,6102,20/02/2023,3867.71
1075,6338,18/09/2023,4971
1023,5661,18/09/2023,154.28
1027,5946,16/12/2023,3677.85
1007,5559,18/12/2023,2901.77
1091,5916,08/01/2023,2226.86
1035,5890,16/11/2023,725.09
1089,6271,18/05/2023,2104.52
1007,6813,07/02/2023,1836.45
1057,5867,21/04/2023,1583.87
1059,5609,08/08/2023,3681.31
1049,5413,03/12/2023,3533.56
1027,5024,11/08/2023,2986.2
1091,5283,16/05/2023,4699.46
1040,6472,13/09/2023,1814.29
1099,5880,26/12/2023,1294.63
1063,5300,25/11/2023,3313.93
1026,6091,18/02/2023,1074.19
1062,6030,19/10/2023,1643.55
1016,5816,20/11/2023,1200.55
1072,6160,19/03/2023,438.85
1032,6187,15/04/2023,4154.74
1083,5082,18/06/2023,1347.25
1076,6920,05/08/2023,2417.83
1091,6673,29/04/2023,312.24
1028,6443,09/07/2023,3526.76
1012,6096,12/09/2023,1719.75
1045,6260,23/09/2023,3749.21
1034,5045,29/05/2023,2120.77
1005,5617,13/06/2023,1059.2
1081,5927,20/05/2023,2614.56
1068,6823,13/12/2023,739.47
1046,5261,15/09/2023,2258.64
1024,5175,26/09/2023,1654.8
1065,6189,30/06/2023,4568.6
1009,5656,09/06/2023,398.55
1055,5841,17/12/2023,3500.69
1029,5369,15/10/2023,995.48
1004,6818,15/10/2023,1663.32
1032,5053,14/08/2023,2136.02
1064,5689,11/01/2023,4549.27
1017,6442,10/01/2023,1288.63
1095,6779,28/09/2023,547.41
1048,6530,30/09/2023,1661.58
1010,6364,02/07/2023,612.91
1084,6150,02/06/2023,730.12
1025,6432,11/11/2023,2911.87
1062,6947,30/11/2023,398.42
1088,5366,04/05/2023,251.56
1085,6294,24/04/2023,3600.63
1058,5643,05/10/2023,1872.07
1026,6628,01/08/2023,714.34
1048,5378,21/06/2023,1342.7
1076,5072,15/10/2023,3246.22
1032,6946,23/06/2023,1450.13
1097,6945,23/04/2023,2523.15
1098,5914,02/05/2023,696.31
1000,6271,01/02/2023,2981.66
1020,5859,10/08/2023,1648.78
1054,6808,29/04/2023,3172.15
1005,5042,08/02/2023,4061.13
1091,5376,25/09/2023,3097.07
1080,6064,21/08/2023,1549.16
1068,5169,18/01/2023,1353.14
1094,6969,29/05/2023,1704.36
1004,5211,29/05/2023,906.64
1002,6516,06/05/2023,987.74
1052,6703,29/10/2023,3974.39
1022,5038,26/12/2023,1985.19
1052,5368,26/08/2023,2236.38
1036,5756,15/05/2023,3010.84
1073,5150,31/05/2023,2989.3
1073,6134,24/08/2023,430.15
1082,6503,12/08/2023,4174.55
1016,6459,22/07/2023,968.9
1084,6070,13/09/2023,3643.05
1077,6023,27/03/2023,3886.09
1072,6598,30/05/2023,3603.01
1000,5736,23/08/2023,2936.99
1050,6389,11/12/2023,171.58
1044,5068,22/01/2023,1865.84
1076,5298,14/12/2023,3063.71
1003,5943,12/10/2023,1998.51
1061,5801,26/09/2023,4331.05
1064,5295,15/09/2023,1613.13
1031,5202,29/01/2023,1538.32
1033,5060,01/08/2023,1403.39
1091,5945,10/10/2023,1730.63
1094,5962,19/02/2023,2831.28
1071,6853,05/04/2023,3564.37
1038,6337,29/03/2023,3346.58
1025,6184,13/02/2023,4057.82
1033,5330,05/10/2023,4440.98
1053,6551,20/06/2023,4098.79
1002,5337,08/07/2023,192.83
1049,6629,19/12/2023,3706
1011,6327,03/07/2023,1121.16
1064,6526,03/01/2023,751.35
1053,6673,10/07/2023,3228.6
1004,6361,28/04/2023,1666.74
1093,6573,19/01/2023,379.87
1093,5638,23/01/2023,774.39
1056,5274,30/01/2023,104.55
1016,6187,22/10/2023,4525.8
1046,6466,18/04/2023,220.63
1022,5318,08/10/2023,1126.33
1078,5588,08/05/2023,2139.69
1084,5503,17/08/2023,1847.2
1013,6709,21/04/2023,4567.46
1065,5386,16/05/2023,297.42
1074,6993,28/12/2023,2609.85
1050,5869,05/07/2023,3434.35
1037,5832,24/05/2023,4665.32
1063,6014,13/03/2023,3139.82
1097,6911,09/05/2023,4038.4
1037,5602,30/12/2023,510.25
1049,6773,18/09/2023,1991.1
1097,6799,03/01/2023,1932.34
1081,5690,14/04/2023,4442.81
1029,5493,12/08/2023,841.72
1078,5489,16/11/2023,844.24
1090,5720,28/12/2023,1709.93
1050,6096,20/12/2023,366.88
1062,5508,10/01/2023,994.04
1097,5389,29/10/2023,4829.53
1051,6642,19/08/2023,2198.1
1037,6880,07/08/2023,3196.89
1096,5294,07/03/2023,3657.95
1087,6392,22/04/2023,1898.11
1078,6979,13/01/2023,821.41
1029,5795,27/03/2023,1112.25
1050,5864,22/08/2023,1635.01
1080,6717,31/03/2023,3216.74
1004,5548,10/11/2023,2051.57
1028,5648,23/02/2023,133.39
1003,6873,12/01/2023,2664.7
1009,5567,28/07/2023,4615.42
1055,6210,14/01/2023,4079.18
1016,5852,01/05/2023,4143.54
1073,5769,20/01/2023,3995.78
1016,5444,16/03/2023,1686.28
1083,6593,31/08/2023,3849.45
1087,5362,11/08/2023,801.49
1068,5122,11/03/2023,3322.81
1033,6211,08/11/2023,3243.69
1005,5741,30/07/2023,225.29
1052,5679,11/04/2023,3961.05
1065,5419,05/07/2023,4525.92
1076,6649,12/05/2023,1410.33
1042,6275,21/04/2023,4080.71
1074,6642,12/05/2023,503.79
1022,6572,20/01/2023,3039.84
1054,6358,24/01/2023,2479.67
1079,5091,15/08/2023,2775.03
1094,6553,03/06/2023,4638.41
1074,6889,20/10/2023,4369.44
1015,5062,18/08/2023,3946.91
1007,6685,06/11/2023,1441.12
1003,5511,25/12/2023,4567.91
1003,6162,21/07/2023,577.79
1055,6721,07/02/2023,4281.31
1024,6208,17/09/2023,1707.98
1066,6228,07/07/2023,363.48
1095,5771,26/02/2023,3379.85
1066,6237,20/01/2023,1233.27
1026,5255,30/09/2023,1293.5
1092,5134,29/04/2023,1599.63
1031,6596,12/03/2023,412.06
1049,5874,04/01/2023,967.92
1060,5821,09/08/2023,125.18
1050,5087,14/01/2023,2282.51
1018,6859,03/01/2023,512.85
1020,5987,04/08/2023,3445
1004,6230,17/08/2023,1254.55
1081,6152,02/12/2023,4723.51
1091,5822,05/07/2023,4369.13
1041,6026,24/02/2023,1518.26
1060,5973,11/09/2023,3937.76
1021,5933,24/01/2023,4035.9
1020,6777,11/06/2023,4934.16
1069,5120,07/06/2023,3029.42
1000,6408,23/03/2023,501.63
1004,6637,08/06/2023,3269.5
1011,6061,07/07/2023,3162.4
1089,6364,01/03/2023,3227.92
1045,6007,01/11/2023,1605.01
1033,5924,15/11/2023,4312.43
1048,5644,30/07/2023,4801.41
1077,5713,01/06/2023,1166.79
1089,5859,19/04/2023,531.95
1044,5020,17/03/2023,1053.22
1026,5241,30/01/2023,4120.71
1072,5454,10/11/2023,3415.56
1025,5962,27/04/2023,3216.63
1046,5620,22/12/2023,2068.79
1085,5302,11/07/2023,2931.36
1055,6619,19/01/2023,1608.58
1093,6618,22/06/2023,2438.28
1062,5802,16/08/2023,3986.01
1047,5963,16/12/2023,4908.08
1060,5068,02/07/2023,4669.2
1080,6152,23/04/2023,4675.94
1025,5195,02/07/2023,2070.9
1035,5139,26/05/2023,2397.07
1000,6467,15/11/2023,3557.61
1007,5282,26/04/2023,4618.74
1098,5311,23/04/2023,795.77
1051,5745,08/09/2023,1590.79
1078,6558,08/09/2023,782.31
1046,6688,30/10/2023,3098.84
1055,5276,09/11/2023,1600.87
1085,5060,28/04/2023,1697.93
1013,6342,28/10/2023,447.49
1089,6913,10/06/2023,1814
1027,5051,17/07/2023,4326.23
1086,6879,17/09/2023,1242.06
1077,5152,28/05/2023,3506.42
1087,6772,28/08/2023,3185.18
1001,6334,16/02/2023,4331.07
1025,6837,17/07/2023,748.21
1013,5543,16/02/2023,4890.19
1058,5566,19/03/2023,2954.88
1055,6887,04/05/2023,4977.82
1006,6412,16/03/2023,4566.42
1002,6571,25/12/2023,1185.43
1022,5621,17/05/2023,375.19
1017,6200,31/03/2023,1352.63
1037,6385,21/11/2023,2685.06
1098,5313,02/03/2023,940.82
1014,5806,18/05/2023,920.55
1063,5847,19/02/2023,2366.71
1088,5096,16/09/2023,263.01
1027,5880,17/04/2023,697.25
1073,6236,23/04/2023,2137.72
1038,5828,16/12/2023,409.34
1056,5136,11/09/2023,2044.1
1016,6029,28/04/2023,2422.63
1085,6010,17/07/2023,2311.21
1089,5108,03/12/2023,4358.96
1043,5546,31/12/2023,2697.31
1024,6062,20/02/2023,2393.1
1016,5661,02/09/2023,2112.48
1012,5424,04/02/2023,4106.35
1083,5629,29/10/2023,4485.78
1024,5260,10/03/2023,4280.89
1067,6449,15/12/2023,3400.38
1009,5086,16/11/2023,773.07
1066,5464,18/02/2023,1456.66
1017,5075,15/03/2023,325.71
1099,5470,11/07/2023,4661.04
1085,6999,18/09/2023,3337.91
1033,6986,22/12/2023,3757.18
1007,5413,11/03/2023,1626.7
1039,5824,31/03/2023,4243.7
1082,5894,17/09/2023,1372.06
1041,5725,06/05/2023,108.05
1040,5456,19/08/2023,1944.43
1005,6308,22/10/2023,2896.73
1051,6262,09/05/2023,2445.65
1025,6700,07/10/2023,4324.17
1063,6622,09/11/2023,616.49
1097,5652,10/04/2023,2813.73
1058,5671,22/11/2023,2613.6
1055,6581,24/10/2023,1478.83
1058,6395,01/07/2023,4128.92
1069,5494,23/06/2023,3788.96
1032,6647,12/11/2023,3691.01
1052,6942,30/12/2023,4393.34
1021,6068,07/07/2023,3641.64
1020,6424,26/02/2023,1236.02
1069,6270,31/01/2023,3557.26
1069,6639,25/03/2023,1607.74
1003,5596,01/06/2023,1286.66
1093,5449,05/02/2023,457.72
1074,5484,01/08/2023,3745.74
1061,5645,30/12/2023,3583.9
1061,5619,16/04/2023,1249.05
1093,6041,08/12/2023,3771.96
1094,6629,08/08/2023,4597.42
1023,5661,12/06/2023,629.34
1054,5757,08/08/2023,1239.92
1008,5288,27/09/2023,3776.28
1002,6437,30/04/2023,1445.08
1030,5720,02/12/2023,3160.85
1039,5637,01/07/2023,497.7
1035,5234,16/04/2023,2315.79
1023,5415,05/08/2023,3721.55
1094,5937,24/07/2023,3463.92
1005,5498,11/03/2023,4093.85
1065,5973,13/02/2023,4399.52
1083,5633,25/11/2023,3888.6
1091,6673,28/10/2023,3390.78
1074,6019,16/08/2023,255.44
1003,5114,03/07/2023,2721.34
1078,5931,17/04/2023,284.72
1005,5673,25/03/2023,4059.53
1093,6736,04/12/2023,1671.55
1050,6257,07/09/2023,2855.9
1061,6563,29/12/2023,1469.28
1056,6034,21/01/2023,3934.25
1065,5205,15/07/2023,4443.86
1078,6702,27/06/2023,2053.35
1074,5246,07/01/2023,4328.32
1007,6582,11/03/2023,1408.67
1025,5757,07/05/2023,2719.84
1050,6150,09/06/2023,4307.93
1044,5146,05/09/2023,1696.82
1043,5117,22/07/2023,4774.81
1004,6934,28/05/2023,697.21
1069,6405,23/05/2023,189.55
1025,5411,18/07/2023,4530.26
1067,6687,03/06/2023,436.38
1018,6607,22/05/2023,4960.26
1083,5362,09/11/2023,4761.84
1096,6532,14/06/2023,771.4
1019,5136,10/11/2023,2734.16
1011,6198,21/01/2023,1006.11
1046,6312,23/03/2023,2197.96
1000,5957,10/03/2023,400.98
1089,6504,11/05/2023,1197.23
1013,5018,28/03/2023,1880.04
1063,5194,06/08/2023,2249.37
1037,5329,01/11/2023,4889.73
1036,6959,11/12/2023,4058.54
1010,5174,07/12/2023,3713.31
1099,6001,10/06/2023,2731.5
1076,5448,27/06/2023,4215.99
1002,6948,27/04/2023,1762.68
1032,5945,15/07/2023,3573.61
1005,6377,23/11/2023,4969.54
1049,6522,27/03/2023,1641.68
1009,5140,16/10/2023,3402.69
1004,5757,22/03/2023,4237.14
1022,6920,01/06/2023,4587.46
1009,5929,02/03/2023,3617.87
1043,5092,02/03/2023,1489.68
1001,6967,20/12/2023,1698.78
1012,5238,28/01/2023,201.71
1039,5204,12/02/2023,3828.34
1001,5559,18/06/2023,309.42
1083,6456,27/03/2023,4336.8
1064,5244,26/06/2023,681.44
1062,5831,17/01/2023,942.19
1072,6340,08/04/2023,2434.98
1016,5924,17/07/2023,3715.61
1008,5294,08/04/2023,781.11
1074,5639,06/03/2023,2256.35
1014,5855,26/11/2023,2465.97
1023,6305,07/12/2023,1140.2
1037,5016,05/01/2023,666.24
1034,5070,02/01/2023,4198.46
1093,6292,22/01/2023,2562.08
1094,6348,22/04/2023,170.47
1048,6817,26/02/2023,4034.61
1068,5304,07/03/2023,4905.89
1061,6474,26/11/2023,3069.04
1059,6030,08/04/2023,2568.17
1049,6337,24/05/2023,4404.24
1077,5816,05/05/2023,4767.33
1074,6126,16/06/2023,3797.23
1008,5820,27/03/2023,2282.72
1033,5192,17/03/2023,3001.88
1075,6776,10/12/2023,3534.58
1098,6597,21/10/2023,1051.94
1034,5528,28/02/2023,2291.29
1000,5170,18/05/2023,4166.12
1039,6560,09/04/2023,3308.15
1063,5250,11/07/2023,2114.9
1021,6788,31/08/2023,3350.48
1059,6410,15/11/2023,679.29
1063,6230,18/02/2023,2067.34
1092,5540,01/02/2023,3986.33
1071,6652,04/10/2023,1180.49
1010,5415,20/01/2023,1011.21
1013,5793,03/06/2023,4759.01
1059,6403,09/03/2023,1128.5
1029,6167,02/08/2023,1378.5
1034,5024,23/05/2023,4851.12
1084,6845,20/08/2023,3700.07
1036,5667,01/08/2023,3528.02
1004,6096,20/03/2023,4279.34
1082,5631,02/08/2023,667.53
1077,6847,26/04/2023,3559.19
1025,6856,02/04/2023,2568.07
1061,6116,27/09/2023,4162.84
1003,5504,17/06/2023,2589.89
1088,6621,27/02/2023,3139.18
1041,5335,11/10/2023,2440.94
1088,5424,26/01/2023,2442.98
1017,5498,07/03/2023,3863.05
1039,6387,05/09/2023,3179.98
1071,5946,11/09/2023,3202.99
1038,5629,13/02/2023,2306.38
1013,6768,07/04/2023,2702.44
1031,6222,11/02/2023,3754.02
1050,5717,15/08/2023,4147.11
1037,6436,19/09/2023,3513.15
1096,5338,16/06/2023,4627.96
1022,5658,06/10/2023,4119.59
1062,5961,30/03/2023,2853.13
1014,6960,27/06/2023,3389.89
1096,5428,16/07/2023,4638.91
1024,6806,03/11/2023,3133.92
1016,5898,24/09/2023,4141.55
1096,5138,25/09/2023,3475.17
1065,6716,15/03/2023,2804.49
1077,5941,08/01/2023,1285.01
1052,5541,24/10/2023,2187.39
1050,5056,13/06/2023,4841.94
1038,6255,26/03/2023,3323.05
1050,5657,13/03/2023,2865.54
1069,5434,24/02/2023,4671.49
1005,5383,16/02/2023,2973.91
1066,5559,26/08/2023,2677.8
1006,5193,14/04/2023,3820.62
1050,6759,29/07/2023,3592.06
1071,6671,11/02/2023,1046.48
1041,5533,12/11/2023,2409.41
1063,5517,25/09/2023,2415.33
1014,5715,20/09/2023,1953.3
1028,5750,02/12/2023,2634.74
1032,5184,31/12/2023,2124.23
1093,6895,16/09/2023,1076.79
1026,5291,10/10/2023,2120.6
1035,6358,24/04/2023,454.16
1028,5731,29/12/2023,2921.35
1037,5115,09/02/2023,4282.91
1056,5824,08/08/2023,3653.91
1096,6072,09/05/2023,1865.93
1026,5684,08/01/2023,526.65
1054,5081,11/04/2023,1090.53
1032,5833,25/06/2023,2772.9
1067,5332,17/04/2023,1114.58
1085,5556,11/04/2023,2765.47
1065,5334,17/09/2023,1234.84
1009,5531,03/09/2023,4259.73
1004,6983,02/10/2023,2046.63
1073,5220,01/02/2023,1303.2
1096,5634,17/05/2023,4080.4
1037,6769,12/01/2023,1779.91
1012,6756,29/10/2023,646.29
1030,5322,16/01/2023,2895.01
1046,6874,09/05/2023,2949.66
1099,5002,04/03/2023,3602.01
1087,6717,19/04/2023,1277.08
1051,5205,21/01/2023,2274.48
1055,6855,07/06/2023,1483.6
1014,5039,26/09/2023,496.67
1028,5058,11/06/2023,4395.41
1007,5950,17/09/2023,3671.46
1004,5573,12/04/2023,1577.17
1028,5643,11/08/2023,3036.93
1046,6530,28/02/2023,1086.19
1067,6595,04/09/2023,4462.16
1075,6907,08/05/2023,663.04
1044,5842,10/10/2023,118.8
1001,6145,21/11/2023,2559.84
1026,6502,25/01/2023,2957.33
1094,5618,11/05/2023,2936.93
1035,5095,19/12/2023,367.11
1035,6882,15/07/2023,1638.81
1025,6437,08/10/2023,2546.07
1042,6258,03/06/2023,1161.24
1026,5897,13/05/2023,4375.87
1068,6085,15/08/2023,526.84
1019,6279,08/07/2023,2488.18
1010,5560,22/09/2023,3487.94
1073,5904,14/05/2023,1382.58
1037,5347,30/07/2023,3158.78
1005,5670,01/03/2023,4163.99
1071,6147,30/12/2023,1032.65
1022,6505,30/12/2023,4594.38
1046,5316,01/08/2023,2812.44
1089,6527,04/08/2023,1566.24
1045,5718,14/08/2023,2211.21
1011,6071,11/05/2023,1629.74
1089,6432,17/03/2023,3653.04
1012,6955,13/10/2023,4001.87
1061,6159,04/10/2023,4181.39
1081,6224,05/06/2023,4930.26
1088,5249,05/09/2023,3977.29
1096,5313,06/08/2023,3046.78
1059,6892,09/07/2023,1762.18
1042,6391,12/06/2023,2768.52
1075,6452,29/06/2023,301.23
1099,6853,03/02/2023,3749.64
1067,5806,10/02/2023,2285.18
1004,6503,03/11/2023,198.11
1036,6337,04/12/2023,406.28
1071,6523,10/11/2023,1998.59
1091,6744,16/03/2023,2958.77
1030,6378,06/10/2023,2374.6
1008,5484,25/06/2023,3134.1
1050,6234,30/05/2023,2453.44
1028,6727,30/09/2023,3342.35
1077,5043,21/11/2023,1173.72
1039,6564,18/04/2023,652.93
1040,5570,19/05/2023,3022.53
1085,5582,16/12/2023,2474.98
1010,6115,28/09/2023,231.65
1022,6288,13/12/2023,1964.36
1000,5894,16/10/2023,620.02
1045,5219,31/07/2023,2703.65
1020,6925,29/09/2023,2039.31
1089,5924,07/03/2023,3104.44
1035,6465,05/09/2023,4047.45
1053,5400,05/06/2023,1568.38
1086,6423,16/02/2023,4814.3
1056,5726,20/07/2023,2724.61
1000,5990,28/05/2023,3129.62
1062,5898,04/05/2023,3435.29
1053,6812,01/01/2023,3366.98
1054,6599,04/09/2023,2603.76
1039,5857,09/12/2023,2200.95
1014,5803,08/05/2023,363.53
1020,5489,10/07/2023,208.22
1046,6508,08/03/2023,1854.01
1072,6780,04/01/2023,1734.94
1052,6493,30/10/2023,1999.71
1008,6597,21/10/2023,778
1073,5937,23/05/2023,3717.02
1051,5843,10/07/2023,4299.13
1056,6705,21/01/2023,4699.7
1025,6468,15/08/2023,2512.58
1040,6292,09/11/2023,3534.24
1034,5266,27/04/2023,4292.2
1062,5053,29/10/2023,2149.63
1024,5527,22/05/2023,1616.12
1089,6543,08/02/2023,4689.95
1074,5615,21/12/2023,2626.82
1037,6082,09/09/2023,2536.54
1001,6848,29/11/2023,974.24
1006,6063,26/07/2023,629.96
1081,6260,29/07/2023,4226.32
1090,5954,25/04/2023,3109.25
1033,5385,13/08/2023,1696.54
1090,6629,14/05/2023,1039.51
1016,5733,08/09/2023,2821.94
1042,5715,07/08/2023,2961.2
1058,5649,01/04/2023,1114.27
1050,5299,20/12/2023,4271.89
1053,5394,15/02/2023,512.9
1023,6230,07/02/2023,1844.86
1024,6359,22/05/2023,3433.88
1070,5592,10/04/2023,1443.19
1051,6753,24/11/2023,4155.61
1069,5513,09/07/2023,3725.35
1087,6201,04/02/2023,3966.21
1032,5395,27/05/2023,683.62
1048,5370,30/01/2023,788.68
1028,5857,30/11/2023,1503.72
1062,5790,25/03/2023,2638.58
1021,5657,08/10/2023,3765.28
1025,6341,10/12/2023,4199
1027,5735,27/09/2023,3551.24
1084,6392,03/06/2023,4650.12
1048,5383,12/04/2023,3719.84
1070,5061,03/08/2023,1600.71
1080,6829,30/05/2023,1398.9
1083,5504,24/03/2023,3511.34
1048,5238,20/04/2023,1045.07
1019,5194,02/10/2023,554.3
1085,5677,20/07/2023,2707.89
1091,6986,11/10/2023,4126.04
1062,6245,22/06/2023,596.76
1060,5060,23/11/2023,3980.27
1048,6152,25/07/2023,4076.7
1070,5989,04/03/2023,2463.14
1000,5684,14/03/2023,380.82
1095,5155,08/09/2023,955.49
1012,6940,04/05/2023,3566.39
1093,6401,01/05/2023,3587.71
1086,6645,02/10/2023,4501.94
1050,6804,30/04/2023,2955.16
1055,5922,13/11/2023,708.13
1082,5867,13/06/2023,694.93
1061,5902,13/10/2023,3633.55
1031,6813,22/09/2023,1000.54
1029,6609,16/11/2023,1709.09
1028,5998,10/06/2023,2487.34
1048,6460,04/11/2023,221.35
1044,5974,30/03/2023,1319.21
1092,6230,22/05/2023,2098.66
1029,5387,22/07/2023,1470.22
1015,6503,05/11/2023,768.21
1039,6814,15/08/2023,3667.26
1018,5886,30/11/2023,4084.42
1017,5837,10/08/2023,1361.65
1000,6363,10/02/2023,3894.66
1077,6892,15/07/2023,1989.21
1046,5339,09/03/2023,2582.76
1065,5203,21/09/2023,4294.41
1091,5160,02/01/2023,3774.77
1093,6563,27/12/2023,4045.07
1037,5391,05/05/2023,770.54
1050,5768,20/04/2023,441.63
1062,6700,27/03/2023,4477.68
1003,5574,30/04/2023,2000.39
1000,5533,07/05/2023,1510.61
1007,6093,12/09/2023,3651.01
1028,5892,02/07/2023,4198.44
1054,5404,16/01/2023,4326.2
1002,5607,03/03/2023,1648.39
1031,6698,07/06/2023,4275.84
1009,6614,25/09/2023,300.58
1073,6540,04/02/2023,343.34
1082,5827,24/09/2023,3155.24
1033,6143,05/03/2023,409.22
1096,6837,19/02/2023,1690.58
1086,5689,12/09/2023,3396.5
1054,6711,29/05/2023,1752.61
1091,5901,21/11/2023,980.04
1031,6240,31/10/2023,1478.62
1049,5055,03/10/2023,2342.12
1006,5365,23/12/2023,2429.39
1092,6722,21/06/2023,3936.7
1007,6527,20/07/2023,3775.75
1064,6767,20/11/2023,2338.41
1056,6790,04/02/2023,4243.77
1066,6948,04/08/2023,659.76
1087,5454,06/03/2023,1351.23
1086,5103,08/01/2023,4157.08
1058,5076,28/10/2023,1952.17
1071,5229,09/12/2023,4907.79
1053,6937,28/11/2023,2384.64
1066,6281,17/03/2023,3980.48
1050,6287,23/06/2023,2071.3
1096,5330,16/02/2023,2182.27
1091,6205,15/01/2023,1976.13
1007,5892,27/12/2023,3623.47
1033,6791,27/05/2023,2782.84
1034,6573,26/01/2023,4724.51
1095,5687,04/11/2023,1329.36
1087,5026,03/04/2023,592.76
1077,6299,20/08/2023,2026.98
1031,6675,21/01/2023,3121.89
1045,5298,03/11/2023,4317.91
1015,5956,07/02/2023,1796.36
1067,5798,03/10/2023,3303.56
1036,6114,06/06/2023,1815.97
1053,5479,28/06/2023,3124.38
1084,5572,12/05/2023,4435.56
1013,5457,07/11/2023,1233.65
1094,6474,14/12/2023,2080.78
1054,5364,28/01/2023,4967
1047,5858,17/09/2023,4355.93
1081,6698,17/03/2023,2866.74
1006,5350,08/03/2023,2631.48
1073,6678,08/12/2023,1494.54
1006,6423,13/07/2023,2634.33
1032,5252,11/06/2023,4256.09
1022,5780,13/12/2023,3457.36
1084,6904,27/12/2023,1521.22
1018,5802,14/09/2023,1087.17
1018,6011,13/03/2023,1399.52
1035,5458,28/03/2023,931.82
1028,6722,19/09/2023,568.64
1059,5916,02/08/2023,2153.77
1081,5498,02/06/2023,655.17
1001,5949,29/07/2023,942.37
1000,6994,02/03/2023,2781.89
1046,6949,25/09/2023,906.54
1068,5507,19/09/2023,413.01
1019,6327,06/08/2023,1655.21
1010,5500,10/10/2023,1179.56
1001,5802,16/05/2023,2625
1066,5597,28/12/2023,601.6
1086,5165,03/04/2023,3783.68
1011,6438,19/04/2023,4540.54
1019,5461,29/08/2023,3742.83
1004,5919,21/12/2023,2710.85
1036,5113,22/05/2023,4317.27
1037,6456,18/10/2023,3505.1
1093,5991,25/08/2023,151.7
1008,6379,06/12/2023,2031.04
1097,6951,08/11/2023,4269.66
1052,6718,26/06/2023,1794.71
1043,5206,21/05/2023,272.55
1098,6791,08/07/2023,3756.28
1085,6258,18/02/2023,4029.99
1023,6465,29/10/2023,886.91
1080,6378,09/07/2023,2732.97
1073,5514,16/05/2023,1040.58
1029,6231,12/02/2023,3624.25
1058,5708,19/12/2023,1430.6
1086,6876,31/03/2023,1649.45
1095,6148,22/10/2023,4240.36
1080,5137,07/12/2023,2433.98
1080,5338,02/09/2023,3381.8
1013,5536,11/07/2023,2071.63
1008,5067,14/11/2023,1560.23
1039,6596,16/04/2023,3164.84
1065,6564,29/12/2023,858.8
1024,5382,06/11/2023,1927.7
1072,5018,21/08/2023,1124.28
1021,5682,22/09/2023,3509.4
1003,6473,10/12/2023,4726.62
1025,5073,06/02/2023,4978
1057,5572,01/11/2023,2306.36
1028,5938,10/02/2023,1337.4
1097,6688,17/01/2023,2269.86
1086,6299,10/12/2023,4251.62
1036,6071,04/10/2023,1109.43
1074,5210,03/11/2023,4765.27
1069,5854,28/02/2023,1775.14
1017,6943,02/07/2023,4930.44
1084,5650,10/02/2023,4209.18
1041,6645,08/02/2023,4062
1099,5993,11/07/2023,1657.73
1040,5694,24/09/2023,143.01
1037,5539,27/05/2023,1972.45
1033,6732,29/11/2023,1578.87
1016,6214,07/05/2023,283.25
1036,6338,15/02/2023,2576.29
1024,5900,14/02/2023,2074.85
1075,6586,01/01/2023,3209.33
1086,6684,17/06/2023,3143.81
1085,5779,18/04/2023,691.66
1084,6585,19/01/2023,4887.13
1026,6923,28/11/2023,1015.96
1056,6781,13/03/2023,2281.84
1030,6136,19/04/2023,2491.78
1005,5169,25/09/2023,4084.01
1090,6491,28/08/2023,586.23
1039,6701,28/10/2023,2200.36
1097,6944,31/03/2023,3179.66
1011,6037,13/04/2023,1154.26
1052,6738,07/09/2023,3174.59
1070,5287,08/01/2023,4625.96
1009,6930,02/06/2023,4987.84
1044,5188,13/12/2023,259.01
1016,5913,23/06/2023,1254.38
1025,6178,09/12/2023,1620.5
1084,6590,07/06/2023,2055.72
1091,5693,03/08/2023,1287.06
1061,6745,26/06/2023,1097.09
1045,5887,24/06/2023,4777.31
1063,5470,06/12/2023,4600.76
1001,6098,04/12/2023,330.26
1053,5276,26/05/2023,1760.18
1064,5939,20/11/2023,2085.23
1050,6668,10/06/2023,1271.17
1052,6366,07/05/2023,3181.48
1035,6448,23/03/2023,3237.87
1025,5570,27/05/2023,4267.47
1028,6534,27/08/2023,3730.26
1020,5856,25/03/2023,2758.61
1010,6000,23/04/2023,3302.58
1039,6205,13/08/2023,1442.55
1010,5457,28/11/2023,3005.98
1035,5917,31/08/2023,2497.21
1058,6874,23/05/2023,753.39
1038,5832,10/02/2023,1288.47
1098,6087,15/09/2023,1529.3
1053,5838,12/10/2023,4629.12
1097,6283,15/04/2023,1228.89
1054,5192,21/07/2023,1517.3
1023,6678,03/11/2023,1909.84
1021,5615,27/11/2023,3352.34
1068,6995,23/09/2023,679.37
1055,5405,29/07/2023,4774.33
1032,6749,20/02/2023,4341.3
1035,6777,28/04/2023,2928.36
1019,5942,20/07/2023,3402.79
1082,5720,08/02/2023,181.64
1098,5092,28/01/2023,1760.83
1080,5429,16/09/2023,3998.74
1061,5653,25/03/2023,479.67
1097,6457,04/06/2023,1483.34
1072,6427,27/04/2023,2967.95
1025,5433,02/01/2023,1356.42
1065,6135,03/04/2023,4676.49
1072,6952,15/06/2023,742.19
1072,5374,16/12/2023,4007.23
1039,6082,23/10/2023,2588.95
1016,6066,15/09/2023,3776.62
1000,5206,22/03/2023,1622.51
1088,5779,25/09/2023,2621
1060,6319,23/08/2023,4298.49
1042,6141,17/11/2023,2387.7
1041,5531,07/11/2023,1862.63
1024,6245,28/10/2023,2727.16
1038,5165,23/12/2023,3615.08
1034,5642,01/08/2023,2273.46
1002,6179,03/03/2023,4700.5
1043,6207,18/02/2023,1545.23
1050,5089,07/05/2023,2429.77
1093,6117,11/08/2023,3808.95
1097,5012,06/10/2023,3476.69
1011,5972,21/10/2023,4331.84
1018,6857,11/10/2023,4984.36
1043,5804,04/10/2023,2191.61
1058,5944,17/04/2023,644.64
1048,5741,26/05/2023,249.04
1060,6857,09/04/2023,3661.7
1016,6827,14/03/2023,4382.67
1073,6461,02/05/2023,1181.49
1056,6561,30/01/2023,876.4
1054,6610,07/07/2023,404.8
1046,6991,30/12/2023,4131.24
1011,5875,20/12/2023,1625.77
1061,6959,15/10/2023,2068.31
1079,6834,14/07/2023,2563.48
1087,6173,05/06/2023,4213.32
1082,5659,21/06/2023,3289.08
1007,6031,01/12/2023,3113.82
1094,6052,10/02/2023,960.79
1020,5295,04/03/2023,2614.63
1080,5985,23/01/2023,3605.37
1086,5925,26/12/2023,4868.98
1079,6744,16/03/2023,1086.89
1069,5639,17/02/2023,146.76
1071,5339,09/06/2023,468.98
1024,5627,09/11/2023,1941.68
1081,5438,28/04/2023,4120.67
1088,6167,10/04/2023,135
1011,5941,16/06/2023,2337.98
1014,5829,17/10/2023,1713.23
1058,6770,05/06/2023,357.16
1025,5518,07/01/2023,2306.16
1025,5975,15/07/2023,1348.27
1046,6068,25/02/2023,1824.24
1031,5954,17/11/2023,3557.51
1009,6262,12/07/2023,2655.6
1015,5951,16/02/2023,710.77
1070,5943,28/05/2023,4810.93
1016,5154,02/10/2023,3215.96
1022,6204,06/06/2023,3852.76
1025,6238,21/07/2023,488.14
1084,5087,06/05/2023,330.59
1085,6279,01/11/2023,195.3
1006,6534,21/10/2023,1025.09
1013,6096,05/03/2023,2130.6
1078,5930,21/11/2023,4685.55
1006,5178,25/06/2023,2339.59
1008,5211,26/04/2023,1522.25
1047,6828,23/07/2023,2853.48
1071,6257,17/11/2023,648.48
1058,5464,31/01/2023,3086.58
1086,6774,23/04/2023,2885.32
1092,6246,31/12/2023,3980.77
1081,5630,21/11/2023,4934.77
1094,5824,10/12/2023,1329.28
1093,6287,08/03/2023,2597.32
1038,6230,16/03/2023,4553.44
1098,5606,14/02/2023,3947.43
1017,5884,17/09/2023,2488.29
1058,6757,03/06/2023,4732.32
1016,5365,04/06/2023,380.46
1013,5275,29/12/2023,4661.89
1030,5379,22/08/2023,347.49
1023,6766,20/02/2023,2781.79
1098,6332,02/11/2023,4463.16
1059,6654,19/09/2023,1387.33
1044,6291,11/11/2023,2414.02
1097,5944,05/05/2023,1689.21
1002,6808,02/09/2023,4765.51
1036,6087,30/01/2023,4135.86
1042,5809,02/05/2023,3574.11
1039,6373,05/05/2023,2979.37
1089,5924,06/02/2023,4120.9
1054,6938,19/06/2023,2022.11
1086,5493,04/05/2023,2293
1038,6546,23/12/2023,3677.01
1014,6121,04/02/2023,1853
1003,6969,28/03/2023,413.11
1092,6094,14/05/2023,464.24
1085,5363,15/07/2023,665.28
1024,5569,01/10/2023,4361.44
1012,6825,20/07/2023,2413.91
1081,5762,12/10/2023,3593.12
1032,5275,18/03/2023,2025.26
1015,5049,28/02/2023,1367.68
1041,6381,06/05/2023,1801.24
1065,5727,19/04/2023,3991.49
1054,5905,12/08/2023,3163.56
1098,5927,05/10/2023,4694.43
1041,5563,09/03/2023,3430.55
1033,5782,10/03/2023,2893.89
1029,5484,14/06/2023,3089.96
1012,6107,01/11/2023,4717.62
1012,6922,11/06/2023,3962.18
1017,6828,31/12/2023,217.8
1031,6661,08/12/2023,2717.28
1095,6831,05/11/2023,3472.86
1098,5583,09/12/2023,3768.62
1038,6319,11/02/2023,1144.4
1045,5235,20/12/2023,4349.17
1028,5055,19/04/2023,4783.63
1061,6942,20/02/2023,1259.9
1092,5359,07/09/2023,4424.82
1061,6930,07/12/2023,575.2
1056,5109,21/01/2023,372.96
1015,5191,27/10/2023,733.2
1055,5903,19/05/2023,382.93
1009,6116,25/12/2023,4240.56
1029,5861,20/11/2023,389.35
1024,5567,02/04/2023,1431.15
1083,6083,07/10/2023,608.41
1004,5649,05/05/2023,1547.57
1064,5038,21/04/2023,543.74
1093,6563,20/12/2023,3373.22
1048,6072,19/05/2023,753.3
1002,6443,30/09/2023,4274.05
1044,5636,09/04/2023,4104.24
1013,6036,09/09/2023,166.94
1029,5035,04/12/2023,4489.06
1067,5100,14/04/2023,241.83
1017,6817,02/08/2023,1274.26
1061,6109,06/09/2023,258.71
1036,6539,01/06/2023,1745.63
1024,6246,07/09/2023,2617.95
1047,6361,02/10/2023,4003.56
1064,6983,14/06/2023,1756.11
1052,5165,07/12/2023,3556.9
1078,5382,08/01/2023,1018.77
1072,6879,11/10/2023,3777.93
1014,6918,05/01/2023,1256.38
1048,6399,25/05/2023,803.37
1087,6494,11/04/2023,1008.5
1067,5789,13/06/2023,992.11
1011,6665,27/05/2023,2613.03
1058,5030,05/03/2023,4239.51
1036,6398,01/04/2023,490.06
1060,5010,27/04/2023,3564.09
1042,6325,20/12/2023,3306.3
1069,5095,24/09/2023,4375.35
1038,6213,06/11/2023,1296.32
1055,5452,22/06/2023,2305.54
1062,5191,16/02/2023,4636.55
1045,5485,20/05/2023,3333.97
1087,6289,03/09/2023,2004.97
1010,6447,29/05/2023,743.92
1061,6151,03/09/2023,1386.18
1076,5237,05/01/2023,2947.96
1097,6943,03/07/2023,3619.02
1024,6378,20/01/2023,709.67
1070,6963,15/02/2023,3038.03
1051,6135,12/01/2023,2796.72
1003,6851,11/03/2023,2618.38
1058,6469,17/01/2023,3481.6
1071,6366,27/05/2023,4203.5
1019,6168,03/06/2023,1682.65
1092,6088,31/10/2023,4456.16
1062,6270,18/04/2023,887.1
1053,5734,24/08/2023,947.82
1073,5990,04/11/2023,1407.18
1097,6513,18/12/2023,685.7
1056,5824,11/03/2023,1228.56
1089,6462,02/07/2023,621.42
1040,5105,07/09/2023,4126.59
1002,5180,16/08/2023,780.95
1005,5183,12/04/2023,3761.76
1004,5225,16/03/2023,334.78
1004,5776,04/08/2023,4747.75
1053,5789,22/07/2023,3584.68
1046,6932,11/07/2023,133.3
1086,6112,06/09/2023,3842.9
1048,5687,30/08/2023,2619
1008,5529,28/06/2023,3918.89
1098,6394,07/08/2023,2660.23
1019,5971,23/03/2023,3241.02
1060,5935,02/04/2023,3953.03
1034,6936,24/06/2023,2085.03
1049,6422,27/08/2023,113.27
1081,5105,17/09/2023,4264.74
1061,6294,31/12/2023,1966.36
1016,6998,12/06/2023,2530.61
1087,5830,17/02/2023,138.06
1002,6526,25/11/2023,2511.25
1031,5678,24/11/2023,4933.79
1098,6548,26/04/2023,1463.51
1012,5848,03/12/2023,2037.55
1088,6055,03/12/2023,3467.23
1072,5392,13/08/2023,4092.49
1067,5039,18/12/2023,2145.22
1013,5659,24/11/2023,1617.38
1097,6241,27/05/2023,4695.35
1010,6754,04/03/2023,3418.01
1055,5980,21/10/2023,683.2
1066,6105,19/11/2023,437.75
1091,5844,21/11/2023,2469.39
1028,6743,13/01/2023,1178.44
1008,5200,08/07/2023,1344.53
1066,5446,14/10/2023,4400.69
1024,6867,27/07/2023,538.87
1097,6451,24/04/2023,3605.28
1075,6061,22/01/2023,1428.6
1041,6234,15/12/2023,3825.61
1008,5443,02/08/2023,3639.82
1078,6350,20/06/2023,136.22
1039,5760,19/11/2023,2594.76
1024,5226,23/02/2023,782.67
1004,5047,25/10/2023,4344.51
1010,6041,16/11/2023,4370.77
1058,5911,06/05/2023,2149.89
1097,6462,04/10/2023,2277.54
1087,6830,23/07/2023,1586.09
1078,6731,13/07/2023,3611.37
1037,5186,18/06/2023,1857.44
1071,5344,01/06/2023,1412.18
1004,5223,04/02/2023,2217.93
1047,5829,03/07/2023,548.29
1089,5487,13/10/2023,3758.36
1017,6932,26/02/2023,161.72
1069,5876,10/08/2023,3257.98
1036,5848,30/10/2023,996.04
1059,6252,12/06/2023,1238.78
1047,6413,19/01/2023,3214.6
1076,5978,21/09/2023,4965.42
1027,6612,09/10/2023,3910.82
1068,6016,23/04/2023,1206.61
1076,5187,23/11/2023,962.52
1080,6881,30/01/2023,4344.54
1039,5269,15/05/2023,2276.5
1044,6630,08/03/2023,771.56
1095,5309,06/03/2023,4324.84
1061,6155,19/10/2023,4098.85
1092,6574,25/01/2023,4921.14
1057,6095,06/02/2023,4557.74
1066,6816,01/01/2023,4273.77
1055,5844,06/02/2023,357.61
1039,6695,21/05/2023,611.64
1097,6210,20/08/2023,2888.02
1039,5485,16/05/2023,2704.25
1090,6214,07/07/2023,2344.02
1076,6445,08/05/2023,2044.27
1032,5119,20/07/2023,2212.93
1005,5219,07/05/2023,2889.56
1087,5052,14/09/2023,110.17
1018,6757,13/06/2023,1377.47
1079,6474,04/02/2023,2639.57
1039,6435,13/07/2023,3638.86
1091,6666,10/07/2023,953.37
1096,6260,14/04/2023,2779.72
1058,5757,23/01/2023,3600.85
1058,5737,22/09/2023,2278.68
1047,5719,17/10/2023,232.7
1040,5405,17/09/2023,2301.41
1012,5607,24/12/2023,1552.58
1044,6020,16/03/2023,4655.28
1088,5421,21/12/2023,710.61
1052,5711,13/03/2023,3297.13
1041,5246,16/09/2023,358.33
1099,5071,07/07/2023,2286.24
1062,6853,22/06/2023,2814.5
1026,5184,17/10/2023,1559.98
1037,5005,14/02/2023,2329.87
1059,6229,02/03/2023,901.41
1006,6567,24/03/2023,1590.21
1004,6634,03/05/2023,3143.42
1044,5905,24/12/2023,1578.82
1057,5386,16/01/2023,4508.74
1030,6791,07/03/2023,3179.19
1022,5698,25/05/2023,2249.38
1041,6099,11/06/2023,289.91
1009,6200,22/08/2023,2547.79
1031,5826,24/05/2023,3847.4
1052,6822,24/12/2023,1401.23
1029,5348,07/07/2023,4053.19
1038,6278,18/11/2023,1333.85
1030,6860,13/01/2023,4136.36
1081,6725,03/07/2023,517.81
1099,5307,21/04/2023,4344.3
1001,6368,17/10/2023,2546.01
1077,6150,22/10/2023,1553.03
1076,6960,03/08/2023,1399.05
1092,5286,30/04/2023,2216.85
1011,5765,24/02/2023,4995.34
1038,5724,27/01/2023,1179.6
1065,5761,28/04/2023,605.76
1095,6619,09/08/2023,2966.67
1012,6510,19/08/2023,2493.86
1045,5382,22/02/2023,2668.56
1026,6429,22/10/2023,3367.98
1016,5387,17/11/2023,1409.01
1094,5524,21/08/2023,4562.26
1097,6580,07/06/2023,2234.79
1059,5638,26/09/2023,732.52
1063,5937,21/01/2023,3737.26
1087,6649,22/02/2023,3251.21
1034,6968,02/10/2023,1647.14
1069,5275,09/11/2023,3145.44
1082,5499,08/10/2023,1177.32
1029,5716,02/08/2023,2279.71
1070,5336,31/01/2023,4507.12
1073,6973,03/12/2023,754.32
1095,5931,02/07/2023,1994.81
1097,5480,23/01/2023,4123.6
1062,6920,01/02/2023,4850.51
1027,5910,15/03/2023,2324.24
1059,6996,10/01/2023,2584.3
1078,6296,23/02/2023,2903.64
1093,6943,21/02/2023,4668.51
1036,6081,28/05/2023,4305.21
1092,6351,09/06/2023,935.95
1021,6754,14/01/2023,2240.11
1067,5108,27/06/2023,2373.6
1019,6302,22/02/2023,3966.57
1095,6709,01/12/2023,3054.18
1099,5327,22/01/2023,3305.68
1067,6799,30/01/2023,4991.18
1090,5314,10/07/2023,467.3
1063,6497,17/09/2023,1192.75
1016,6134,24/07/2023,2098.69
1011,5698,28/02/2023,1804.13
1021,5780,21/09/2023,206.06
1016,6958,12/01/2023,549.71
1009,6252,29/04/2023,3436.67
1064,6520,17/10/2023,4408.69
1021,5155,04/12/2023,2619.71
1089,6496,05/09/2023,2742.04
1081,6724,20/12/2023,1349.96
1049,6295,07/05/2023,3862.59
1013,5886,16/03/2023,3783.79
1063,6025,27/12/2023,2982.99
1046,5757,23/07/2023,1142.06
1028,5721,18/02/2023,575.39
1075,6534,20/03/2023,414.77
1035,5912,29/08/2023,3004.21
1098,6309,15/12/2023,4142.67
1051,5870,03/06/2023,4305.82
1075,5012,01/10/2023,2371.75
1006,5607,06/04/2023,3942.93
1028,5497,02/08/2023,4739.71
1010,6756,21/10/2023,1448.33
1032,5237,28/07/2023,2050.01
1005,6117,09/12/2023,4664.25
1078,6361,29/03/2023,1757.33
1031,5780,02/11/2023,4577.99
1050,6194,21/09/2023,4907.12
1074,5605,21/11/2023,3342.87
1057,5660,16/11/2023,4102.76
1086,6647,06/06/2023,3772.77
1025,6590,05/06/2023,3527.72
1097,5848,19/05/2023,1603.96
1045,5935,01/05/2023,379.76
1097,6490,06/03/2023,1780.95
1028,5627,17/04/2023,3367.99
1003,5142,27/05/2023,602.39
1080,6224,17/05/2023,158.4
1098,6203,11/06/2023,784.49
1012,5713,10/04/2023,3607.11
1038,6387,04/12/2023,4866.69
1014,5478,03/11/2023,4917.02
1028,5564,21/05/2023,2520.5
1028,5470,24/03/2023,4359.83
1074,5383,26/06/2023,3710.45
1031,6715,17/07/2023,2555.1
1001,5925,22/04/2023,2906.53
1046,5416,25/02/2023,772.41
1077,6848,28/06/2023,4694.54
1083,5307,05/07/2023,1824.46
1021,5648,06/08/2023,2286.13
1074,6717,12/11/2023,3391.14
1026,6390,05/08/2023,1736.12
1066,6024,30/04/2023,1345.87
1080,6067,24/06/2023,3192.14
1055,5738,23/01/2023,222.42
1091,6866,01/08/2023,3631.55
1092,6121,23/08/2023,2618.71
1020,6743,13/01/2023,3068.19
1046,6288,11/04/2023,3196.21
1079,6823,24/01/2023,2682.55
1058,6806,30/12/2023,2954.42
1083,5139,11/01/2023,3450.56
1005,6504,30/09/2023,3790.28
1018,6260,08/10/2023,3664.52
1056,5973,04/04/2023,4361.12
1068,6016,20/07/2023,1028.27
1002,5952,21/01/2023,2065.63
1000,5903,06/12/2023,4744.2
1057,5071,30/07/2023,2043.29
1037,6690,20/05/2023,711.86
1014,6213,20/10/2023,2674.68
1033,6291,25/10/2023,636.51
1060,6344,11/04/2023,1093.98
1034,5106,31/10/2023,4991.76
1063,6255,25/12/2023,2752.68
1024,6065,28/01/2023,1491.89
1023,6725,10/02/2023,4974.4
1011,5882,21/12/2023,4836.14
1017,5138,30/10/2023,2259.62
1014,5614,26/05/2023,1375.98
1079,6706,13/09/2023,4208.16
1026,5862,15/08/2023,3606.54
1071,5272,24/08/2023,3466.01
1059,6504,27/12/2023,4476.26
1045,5415,13/01/2023,3478.14
1088,5505,29/07/2023,1490.61
1016,5732,17/08/2023,3499.93
1092,6748,10/04/2023,1598.49
1052,6876,31/01/2023,3820.27
1007,5423,16/01/2023,3136.76
1078,6430,17/05/2023,479.32
1026,6591,25/11/2023,2612.89
1045,5389,15/06/2023,1782.17
1049,5341,06/11/2023,1710
1070,5945,10/04/2023,3051.06
1002,5613,19/04/2023,1679.39
1092,6956,09/12/2023,3906.78
1063,5492,22/06/2023,446.88
1043,5191,25/08/2023,3335.9
1052,5498,11/06/2023,4065.05
1023,5821,04/08/2023,3396.88
1059,6735,21/09/2023,2536.42
1002,6256,20/09/2023,4756.5
1019,6968,19/10/2023,1569.7
1045,5226,01/10/2023,193.92
1014,6394,03/01/2023,2216.75
1024,5138,28/01/2023,261.76
1093,5855,22/11/2023,4774.29
1077,5816,29/05/2023,1128.6
1070,6172,28/01/2023,3965.74
1016,6138,06/11/2023,3895.4
1083,6473,06/03/2023,1166.87
1099,6086,22/12/2023,3144.01
1008,5103,21/01/2023,335.59
1037,6874,09/09/2023,2469.52
1047,5870,23/08/2023,171.77
1059,5667,15/08/2023,4613.61
1062,5272,13/01/2023,4882.82
1085,6029,09/11/2023,1189.19
1001,6170,18/02/2023,1119.72
1087,5183,28/04/2023,3793.23
1071,6051,23/02/2023,1341.56
1010,6985,18/05/2023,4485.88
1063,6573,22/02/2023,2912.25
1076,6142,13/02/2023,1818.81
1080,5292,30/10/2023,4180.2
1071,6394,22/02/2023,2517.69
1020,6267,15/03/2023,4567
1017,6603,15/02/2023,4647.27
1093,6749,13/01/2023,910.56
1063,6241,14/06/2023,111.38
1081,5176,12/04/2023,4921.26
1094,6322,07/10/2023,4540.07
1037,6699,15/09/2023,371.68
1031,5057,03/12/2023,4181.87
1010,6292,22/12/2023,2343.24
1044,5307,18/05/2023,1368.91
1088,6593,12/06/2023,4405.86
1032,6311,21/04/2023,1063.67
1040,5976,12/04/2023,4741.77
1007,6128,17/01/2023,1107.55
1010,6251,25/09/2023,3107.05
1085,6270,01/07/2023,1193.12
1050,5699,24/01/2023,2773.78
1087,6517,29/01/2023,3451.48
1040,5082,20/06/2023,1032.12
1016,6209,16/08/2023,2652.34
